<?xml version="1.0" encoding="UTF-8" standalone="yes"?>
<addon id="plugin.video.watchfreeseries"
       name="Watch-Freeseries"
       version="1.0.2"
       provider-name="Mash2k3">
    <requires>
        <import addon="xbmc.python" version="1.0"/>
		<import addon="script.module.urlresolver" version="0.0.1"/>
    </requires>
    <extension point="xbmc.python.pluginsource"
               library="default.py">
        <provides>video</provides>
    </extension>
    <extension point="xbmc.addon.metadata">
    <summary lang="en">Browse watchfreeseries</summary>
    <description lang="en">Browse and play a wide selection of Tv Shows from the site watchfreeseries</description>
    <platform>all</platform>
  </extension>
</addon>
