<?xml version="1.0" encoding="UTF-8" standalone="yes"?>
<addon id="plugin.video.ravens"
       name="Baltimore Ravens"
       version="1.0.0"
       provider-name="Mash2k3">
    <requires>
        <import addon="xbmc.python" version="1.0"/>
    </requires>
    <extension point="xbmc.python.pluginsource"
               library="default.py">
        <provides>video</provides>
    </extension>
    <extension point="xbmc.addon.metadata">
        <platform>all</platform>
        <summary>Stream Baltimore Ravens Content</summary>
        
    </extension>
</addon>
