<?xml version="1.0" encoding="UTF-8" standalone="yes"?>
<addon id="plugin.video.movie25"
       name="Movie25"
       version="1.0.3"
       provider-name="Mash2k3">
    <requires>
        <import addon="xbmc.python" version="1.0"/>
		<import addon="script.module.urlresolver" version="0.0.1"/>
    </requires>
    <extension point="xbmc.python.pluginsource"
               library="default.py">
        <provides>video</provides>
    </extension>
    <extension point="xbmc.addon.metadata">
    <summary lang="en">Browse Movie25</summary>
    <description lang="en">Browse and play a wide selection of movies from the site Movie25.com</description>
    <platform>all</platform>
  </extension>
</addon>
